path,name,Dte.,Barris,TOTAL,0 anys,1 any,2 anys,3 anys,4 anys,5 anys,6 anys,7 anys,8 anys,9 anys,10 anys,11 anys,12 anys,13 anys,14 anys,15 anys,16 anys,17 anys,18 anys,19 anys,20 anys,21 anys,22 anys,23 anys,24 anys,25 anys,26 anys,27 anys,28 anys,29 anys,30 anys,31 anys,32 anys,33 anys,34 anys,35 anys,36 anys,37 anys,38 anys,39 anys,40 anys,41 anys,42 anys,43 anys,44 anys,45 anys,46 anys,47 anys,48 anys,49 anys,50 anys,51 anys,52 anys,53 anys,54 anys,55 anys,56 anys,57 anys,58 anys,59 anys,60 anys,61 anys,62 anys,63 anys,64 anys,65 anys,66 anys,67 anys,68 anys,69 anys,70 anys,71 anys,72 anys,73 anys,74 anys,75 anys,76 anys,77 anys,78 anys,79 anys,80 anys,81 anys,82 anys,83 anys,84 anys,85 anys,86 anys,87 anys,88 anys,89 anys,90 anys,91 anys,92 anys,93 anys,94 anys,95 anys i més
b,Barcelona,BARCELONA,nan,1630494.0,14364.0,14638.0,14759.0,14026.0,13955.0,13911.0,13216.0,13080.0,12491.0,12320.0,12533.0,12210.0,12022.0,12078.0,12176.0,12144.0,12661.0,13013.0,13201.0,13397.0,14235.0,15346.0,16290.0,17644.0,19392.0,22149.0,23759.0,25272.0,27696.0,28623.0,29505.0,29820.0,30631.0,30807.0,30486.0,30413.0,28971.0,28195.0,27618.0,26221.0,25849.0,24800.0,24591.0,24525.0,24484.0,24100.0,23992.0,22830.0,22475.0,21685.0,21860.0,21850.0,21277.0,20602.0,19693.0,19300.0,18763.0,18471.0,18450.0,18232.0,18413.0,19167.0,19697.0,17526.0,18321.0,18121.0,17709.0,15750.0,13695.0,15609.0,14544.0,10702.0,13993.0,15009.0,15419.0,14842.0,14893.0,14926.0,14501.0,14121.0,13300.0,12243.0,11536.0,10757.0,10048.0,9253.0,8066.0,7028.0,6097.0,4989.0,4074.0,2895.0,2510.0,1980.0,1562.0,4101.0
b/1/1,el Raval,1,1. el Raval,48767.0,491.0,491.0,468.0,463.0,422.0,394.0,351.0,359.0,330.0,343.0,349.0,305.0,346.0,329.0,300.0,366.0,357.0,387.0,390.0,480.0,547.0,567.0,585.0,616.0,795.0,925.0,965.0,1040.0,1188.0,1214.0,1373.0,1325.0,1291.0,1284.0,1237.0,1202.0,1150.0,1029.0,1036.0,985.0,1008.0,914.0,878.0,828.0,814.0,735.0,739.0,642.0,648.0,641.0,601.0,525.0,565.0,497.0,480.0,433.0,384.0,400.0,372.0,351.0,333.0,344.0,368.0,329.0,349.0,323.0,309.0,273.0,228.0,296.0,266.0,235.0,284.0,307.0,322.0,306.0,286.0,299.0,272.0,252.0,251.0,252.0,245.0,213.0,222.0,224.0,166.0,143.0,111.0,106.0,85.0,49.0,55.0,37.0,30.0,67.0
b/1/2,el Barri Gòtic,1,2. el Barri Gòtic,18720.0,112.0,108.0,142.0,100.0,110.0,135.0,116.0,99.0,104.0,100.0,81.0,84.0,71.0,73.0,83.0,75.0,82.0,81.0,94.0,96.0,165.0,202.0,233.0,298.0,344.0,470.0,469.0,524.0,564.0,575.0,550.0,515.0,528.0,478.0,497.0,478.0,431.0,425.0,397.0,375.0,316.0,328.0,308.0,309.0,319.0,275.0,283.0,264.0,254.0,221.0,259.0,219.0,212.0,208.0,197.0,198.0,172.0,150.0,180.0,168.0,165.0,155.0,148.0,130.0,135.0,142.0,119.0,121.0,94.0,115.0,96.0,97.0,105.0,111.0,133.0,113.0,90.0,116.0,112.0,110.0,109.0,91.0,90.0,93.0,84.0,99.0,77.0,64.0,55.0,63.0,40.0,37.0,24.0,17.0,15.0,51.0
b/1/3,la Barceloneta,1,3. la Barceloneta,16261.0,130.0,133.0,103.0,106.0,123.0,124.0,94.0,102.0,104.0,96.0,105.0,99.0,97.0,105.0,95.0,90.0,91.0,91.0,87.0,97.0,120.0,152.0,181.0,179.0,226.0,271.0,304.0,369.0,373.0,414.0,416.0,400.0,399.0,412.0,371.0,371.0,343.0,313.0,296.0,279.0,277.0,248.0,225.0,244.0,231.0,237.0,239.0,224.0,210.0,164.0,202.0,204.0,191.0,158.0,169.0,183.0,168.0,137.0,134.0,139.0,149.0,133.0,171.0,142.0,155.0,152.0,150.0,132.0,117.0,125.0,131.0,105.0,154.0,131.0,148.0,167.0,153.0,146.0,148.0,151.0,134.0,108.0,123.0,123.0,87.0,111.0,98.0,83.0,76.0,48.0,44.0,28.0,26.0,19.0,15.0,33.0
b/1/4,"Sant Pere, Santa Caterina i la Ribera",1,"4. Sant Pere, Santa Caterina i la Ribera",23101.0,205.0,210.0,190.0,166.0,165.0,158.0,157.0,144.0,136.0,131.0,138.0,122.0,133.0,133.0,110.0,127.0,147.0,202.0,200.0,149.0,182.0,208.0,226.0,243.0,304.0,425.0,432.0,522.0,554.0,604.0,647.0,652.0,651.0,644.0,608.0,614.0,521.0,566.0,522.0,435.0,437.0,411.0,403.0,347.0,359.0,343.0,354.0,293.0,300.0,283.0,245.0,244.0,257.0,224.0,219.0,228.0,188.0,194.0,171.0,196.0,199.0,201.0,172.0,156.0,176.0,164.0,161.0,156.0,159.0,173.0,145.0,118.0,143.0,157.0,160.0,144.0,141.0,175.0,172.0,179.0,178.0,157.0,148.0,152.0,141.0,117.0,121.0,86.0,83.0,65.0,46.0,26.0,31.0,34.0,27.0,59.0
b/1,Ciutat Vella,1,,106849.0,938.0,942.0,903.0,835.0,820.0,811.0,718.0,704.0,674.0,670.0,673.0,610.0,647.0,640.0,588.0,658.0,677.0,761.0,771.0,822.0,1014.0,1129.0,1225.0,1336.0,1669.0,2091.0,2170.0,2455.0,2679.0,2807.0,2986.0,2892.0,2869.0,2818.0,2713.0,2665.0,2445.0,2333.0,2251.0,2074.0,2038.0,1901.0,1814.0,1728.0,1723.0,1590.0,1615.0,1423.0,1412.0,1309.0,1307.0,1192.0,1225.0,1087.0,1065.0,1042.0,912.0,881.0,857.0,854.0,846.0,833.0,859.0,757.0,815.0,781.0,739.0,682.0,598.0,709.0,638.0,555.0,686.0,706.0,763.0,730.0,670.0,736.0,704.0,692.0,672.0,608.0,606.0,581.0,534.0,551.0,462.0,376.0,325.0,282.0,215.0,140.0,136.0,107.0,87.0,210.0
b/2/5,el Fort Pienc,2,5. el Fort Pienc,32900.0,302.0,250.0,264.0,244.0,248.0,261.0,231.0,265.0,237.0,217.0,226.0,236.0,245.0,187.0,237.0,243.0,215.0,205.0,236.0,282.0,260.0,350.0,380.0,413.0,444.0,549.0,568.0,596.0,642.0,615.0,649.0,676.0,661.0,706.0,647.0,587.0,578.0,550.0,563.0,520.0,474.0,468.0,456.0,461.0,476.0,474.0,438.0,463.0,457.0,437.0,462.0,452.0,460.0,439.0,423.0,416.0,382.0,379.0,371.0,357.0,388.0,396.0,408.0,354.0,351.0,351.0,351.0,307.0,276.0,301.0,272.0,178.0,233.0,269.0,299.0,287.0,273.0,259.0,281.0,261.0,267.0,232.0,216.0,191.0,199.0,169.0,165.0,159.0,132.0,123.0,100.0,60.0,63.0,51.0,32.0,116.0
b/2/6,la Sagrada Família,2,6. la Sagrada Família,52424.0,400.0,359.0,389.0,351.0,384.0,385.0,332.0,356.0,323.0,359.0,377.0,353.0,347.0,354.0,365.0,380.0,380.0,366.0,373.0,397.0,395.0,508.0,486.0,530.0,610.0,725.0,818.0,897.0,936.0,924.0,1004.0,991.0,987.0,1000.0,961.0,915.0,881.0,811.0,849.0,800.0,787.0,751.0,787.0,769.0,800.0,808.0,755.0,772.0,739.0,710.0,745.0,787.0,719.0,739.0,688.0,698.0,661.0,621.0,604.0,597.0,618.0,609.0,608.0,581.0,576.0,559.0,531.0,483.0,412.0,493.0,447.0,293.0,398.0,471.0,483.0,493.0,491.0,510.0,460.0,510.0,507.0,473.0,430.0,431.0,401.0,400.0,340.0,279.0,272.0,228.0,173.0,145.0,117.0,76.0,66.0,165.0
b/2/7,la Dreta de l'Eixample,2,7. la Dreta de l'Eixample,43473.0,379.0,371.0,385.0,386.0,354.0,377.0,357.0,326.0,317.0,313.0,313.0,324.0,334.0,312.0,299.0,304.0,314.0,328.0,309.0,328.0,340.0,355.0,401.0,422.0,503.0,549.0,632.0,643.0,785.0,804.0,781.0,737.0,811.0,803.0,821.0,831.0,756.0,718.0,715.0,665.0,647.0,634.0,594.0,669.0,664.0,651.0,612.0,597.0,564.0,563.0,626.0,578.0,573.0,608.0,533.0,558.0,536.0,506.0,507.0,508.0,513.0,557.0,497.0,466.0,442.0,492.0,454.0,402.0,369.0,420.0,340.0,232.0,292.0,343.0,339.0,347.0,356.0,366.0,403.0,397.0,368.0,326.0,376.0,336.0,307.0,277.0,286.0,245.0,249.0,202.0,191.0,151.0,134.0,106.0,94.0,268.0
b/2/8,l'Antiga Esquerra de l'Eixample,2,8. l'Antiga Esquerra de l'Eixample,42076.0,344.0,346.0,342.0,334.0,299.0,311.0,306.0,297.0,261.0,300.0,279.0,308.0,263.0,280.0,274.0,252.0,295.0,309.0,318.0,301.0,310.0,322.0,401.0,455.0,520.0,566.0,706.0,761.0,749.0,785.0,822.0,815.0,810.0,767.0,830.0,751.0,731.0,716.0,729.0,632.0,669.0,638.0,578.0,626.0,600.0,676.0,637.0,574.0,570.0,578.0,575.0,562.0,577.0,528.0,528.0,497.0,447.0,467.0,497.0,450.0,430.0,500.0,497.0,434.0,447.0,430.0,397.0,399.0,364.0,415.0,369.0,255.0,370.0,386.0,401.0,366.0,363.0,386.0,393.0,386.0,350.0,360.0,354.0,344.0,327.0,295.0,263.0,216.0,212.0,174.0,136.0,118.0,103.0,105.0,66.0,194.0
b/2/9,la Nova Esquerra de l'Eixample,2,9. la Nova Esquerra de l'Eixample,58247.0,439.0,446.0,433.0,398.0,420.0,451.0,436.0,409.0,383.0,409.0,380.0,367.0,358.0,418.0,408.0,414.0,425.0,466.0,444.0,451.0,488.0,576.0,584.0,672.0,671.0,865.0,898.0,975.0,1032.0,1124.0,1074.0,1033.0,1078.0,1054.0,1067.0,1052.0,938.0,899.0,908.0,830.0,813.0,842.0,825.0,794.0,837.0,767.0,762.0,816.0,785.0,785.0,810.0,818.0,829.0,819.0,761.0,722.0,785.0,751.0,766.0,782.0,741.0,749.0,785.0,699.0,694.0,672.0,651.0,597.0,516.0,612.0,564.0,372.0,542.0,516.0,536.0,536.0,517.0,511.0,533.0,509.0,493.0,425.0,426.0,428.0,414.0,374.0,348.0,262.0,261.0,209.0,170.0,126.0,111.0,85.0,75.0,146.0
b/2/10,Sant Antoni,2,10. Sant Antoni,38414.0,281.0,290.0,278.0,274.0,251.0,270.0,268.0,261.0,228.0,265.0,250.0,241.0,256.0,230.0,252.0,243.0,250.0,263.0,270.0,303.0,272.0,308.0,323.0,384.0,453.0,548.0,581.0,592.0,721.0,723.0,766.0,773.0,775.0,759.0,694.0,670.0,641.0,644.0,587.0,561.0,597.0,605.0,577.0,585.0,585.0,581.0,564.0,554.0,544.0,526.0,536.0,461.0,514.0,473.0,482.0,426.0,449.0,418.0,436.0,413.0,455.0,426.0,433.0,409.0,428.0,435.0,410.0,392.0,342.0,399.0,352.0,268.0,370.0,396.0,402.0,359.0,393.0,374.0,392.0,388.0,350.0,377.0,310.0,341.0,304.0,268.0,255.0,196.0,196.0,155.0,127.0,74.0,69.0,58.0,50.0,136.0
b/2,Eixample,2,,267534.0,2145.0,2062.0,2091.0,1987.0,1956.0,2055.0,1930.0,1914.0,1749.0,1863.0,1825.0,1829.0,1803.0,1781.0,1835.0,1836.0,1879.0,1937.0,1950.0,2062.0,2065.0,2419.0,2575.0,2876.0,3201.0,3802.0,4203.0,4464.0,4865.0,4975.0,5096.0,5025.0,5122.0,5089.0,5020.0,4806.0,4525.0,4338.0,4351.0,4008.0,3987.0,3938.0,3817.0,3904.0,3962.0,3957.0,3768.0,3776.0,3659.0,3599.0,3754.0,3658.0,3672.0,3606.0,3415.0,3317.0,3260.0,3142.0,3181.0,3107.0,3145.0,3237.0,3228.0,2943.0,2938.0,2939.0,2794.0,2580.0,2279.0,2640.0,2344.0,1598.0,2205.0,2381.0,2460.0,2388.0,2393.0,2406.0,2462.0,2451.0,2335.0,2193.0,2112.0,2071.0,1952.0,1783.0,1657.0,1357.0,1322.0,1091.0,897.0,674.0,597.0,481.0,383.0,1025.0
b/3/11,el Poble Sec - Parc Montjuïc,3,11. el Poble Sec - Parc Montjuïc,41138.0,418.0,387.0,365.0,298.0,348.0,344.0,308.0,289.0,282.0,259.0,286.0,285.0,288.0,259.0,287.0,304.0,287.0,293.0,323.0,336.0,364.0,382.0,412.0,464.0,543.0,608.0,691.0,713.0,869.0,865.0,896.0,931.0,979.0,914.0,912.0,912.0,851.0,820.0,777.0,699.0,737.0,727.0,698.0,647.0,681.0,636.0,633.0,556.0,622.0,490.0,536.0,557.0,498.0,500.0,441.0,481.0,392.0,410.0,372.0,357.0,380.0,413.0,363.0,401.0,351.0,342.0,371.0,342.0,293.0,304.0,315.0,240.0,330.0,331.0,317.0,316.0,359.0,365.0,349.0,339.0,332.0,297.0,275.0,244.0,231.0,196.0,154.0,162.0,148.0,106.0,88.0,66.0,53.0,42.0,31.0,73.0
b/3/12,la Marina del Prat Vermell - Zona Franca,3,12. la Marina del Prat Vermell - Zona Franca,1069.0,4.0,10.0,11.0,7.0,5.0,12.0,12.0,15.0,11.0,10.0,11.0,3.0,8.0,13.0,7.0,15.0,12.0,16.0,9.0,13.0,16.0,11.0,8.0,8.0,12.0,21.0,16.0,11.0,16.0,16.0,12.0,12.0,12.0,14.0,21.0,18.0,14.0,11.0,9.0,15.0,20.0,21.0,18.0,16.0,18.0,11.0,14.0,22.0,12.0,15.0,13.0,24.0,16.0,12.0,10.0,14.0,11.0,12.0,14.0,6.0,5.0,13.0,8.0,8.0,13.0,14.0,12.0,9.0,7.0,4.0,5.0,9.0,12.0,5.0,8.0,14.0,13.0,17.0,14.0,19.0,10.0,13.0,12.0,9.0,10.0,8.0,5.0,4.0,3.0,2.0,1.0,1.0,1.0,0.0,0.0,5.0
b/3/13,la Marina de Port,3,13. la Marina de Port,30134.0,293.0,331.0,293.0,269.0,307.0,291.0,282.0,283.0,286.0,284.0,297.0,236.0,289.0,283.0,267.0,292.0,307.0,292.0,306.0,308.0,336.0,299.0,306.0,333.0,324.0,406.0,414.0,342.0,405.0,433.0,452.0,434.0,513.0,499.0,540.0,534.0,531.0,524.0,539.0,518.0,502.0,471.0,464.0,500.0,471.0,469.0,539.0,473.0,464.0,475.0,449.0,435.0,439.0,398.0,395.0,324.0,299.0,325.0,300.0,278.0,284.0,322.0,337.0,282.0,303.0,305.0,274.0,279.0,214.0,270.0,255.0,224.0,276.0,282.0,284.0,280.0,320.0,320.0,277.0,262.0,227.0,186.0,200.0,165.0,151.0,118.0,110.0,94.0,80.0,53.0,38.0,25.0,24.0,19.0,14.0,32.0
b/3/14,la Font de la Guatlla,3,14. la Font de la Guatlla,10310.0,94.0,82.0,73.0,80.0,71.0,69.0,75.0,74.0,56.0,69.0,85.0,74.0,77.0,59.0,64.0,73.0,76.0,82.0,73.0,93.0,70.0,90.0,104.0,115.0,148.0,162.0,189.0,176.0,211.0,190.0,204.0,191.0,192.0,184.0,197.0,172.0,165.0,168.0,190.0,153.0,165.0,165.0,163.0,152.0,143.0,173.0,136.0,154.0,133.0,127.0,139.0,124.0,140.0,138.0,123.0,135.0,146.0,124.0,138.0,124.0,125.0,124.0,154.0,132.0,104.0,116.0,126.0,90.0,86.0,91.0,90.0,67.0,79.0,82.0,104.0,90.0,94.0,111.0,72.0,89.0,85.0,75.0,72.0,42.0,44.0,70.0,48.0,51.0,30.0,28.0,25.0,23.0,21.0,17.0,13.0,28.0
b/3/15,Hostafrancs,3,15. Hostafrancs,16062.0,133.0,127.0,141.0,111.0,141.0,130.0,119.0,105.0,102.0,84.0,101.0,115.0,99.0,105.0,94.0,129.0,117.0,110.0,114.0,117.0,156.0,159.0,174.0,179.0,227.0,267.0,279.0,303.0,351.0,321.0,342.0,346.0,319.0,330.0,296.0,315.0,298.0,263.0,267.0,259.0,249.0,228.0,237.0,263.0,230.0,212.0,209.0,230.0,206.0,225.0,215.0,228.0,243.0,231.0,193.0,237.0,185.0,197.0,206.0,200.0,183.0,170.0,200.0,178.0,173.0,186.0,159.0,131.0,123.0,141.0,118.0,80.0,128.0,119.0,134.0,103.0,126.0,144.0,132.0,121.0,136.0,117.0,116.0,109.0,100.0,98.0,66.0,61.0,46.0,38.0,29.0,33.0,31.0,25.0,13.0,26.0
b/3/16,la Bordeta,3,16. la Bordeta,18519.0,150.0,150.0,149.0,151.0,151.0,137.0,144.0,131.0,144.0,137.0,128.0,143.0,123.0,138.0,131.0,148.0,156.0,164.0,154.0,152.0,169.0,181.0,188.0,217.0,223.0,255.0,282.0,280.0,308.0,298.0,266.0,311.0,307.0,300.0,333.0,313.0,346.0,299.0,275.0,277.0,284.0,253.0,245.0,309.0,252.0,283.0,312.0,273.0,271.0,253.0,300.0,291.0,280.0,318.0,288.0,237.0,256.0,237.0,238.0,228.0,217.0,243.0,241.0,225.0,217.0,201.0,168.0,175.0,149.0,178.0,178.0,116.0,176.0,150.0,194.0,194.0,156.0,177.0,153.0,134.0,145.0,161.0,119.0,100.0,96.0,89.0,98.0,77.0,64.0,45.0,42.0,26.0,26.0,19.0,14.0,39.0
b/3/17,Sants - Badal,3,17. Sants - Badal,24470.0,193.0,209.0,176.0,200.0,171.0,176.0,187.0,165.0,154.0,142.0,157.0,162.0,160.0,170.0,154.0,175.0,189.0,187.0,218.0,250.0,215.0,249.0,234.0,279.0,301.0,366.0,404.0,424.0,424.0,448.0,442.0,453.0,462.0,467.0,433.0,444.0,407.0,391.0,386.0,390.0,309.0,340.0,336.0,329.0,413.0,349.0,368.0,324.0,349.0,354.0,360.0,358.0,382.0,367.0,344.0,298.0,343.0,334.0,325.0,347.0,321.0,319.0,319.0,262.0,282.0,287.0,290.0,237.0,204.0,241.0,200.0,157.0,183.0,200.0,220.0,204.0,248.0,190.0,228.0,217.0,204.0,205.0,159.0,172.0,156.0,113.0,109.0,113.0,58.0,54.0,45.0,28.0,28.0,12.0,20.0,42.0
b/3/18,Sants,3,18. Sants,42568.0,309.0,384.0,316.0,294.0,309.0,330.0,284.0,282.0,290.0,280.0,323.0,280.0,272.0,268.0,285.0,287.0,285.0,330.0,300.0,331.0,375.0,392.0,467.0,527.0,546.0,623.0,711.0,801.0,872.0,841.0,870.0,889.0,835.0,862.0,870.0,801.0,803.0,736.0,731.0,666.0,686.0,667.0,647.0,618.0,613.0,613.0,613.0,589.0,584.0,571.0,581.0,593.0,544.0,534.0,529.0,517.0,527.0,463.0,452.0,432.0,452.0,455.0,482.0,440.0,449.0,451.0,428.0,394.0,342.0,413.0,343.0,255.0,302.0,396.0,403.0,367.0,382.0,415.0,372.0,395.0,390.0,342.0,330.0,265.0,281.0,258.0,238.0,183.0,157.0,132.0,103.0,74.0,71.0,46.0,30.0,102.0
b/3,Sants-Montjuïc,3,,184270.0,1594.0,1680.0,1524.0,1410.0,1503.0,1489.0,1411.0,1344.0,1325.0,1265.0,1388.0,1298.0,1316.0,1295.0,1289.0,1423.0,1429.0,1474.0,1497.0,1600.0,1701.0,1763.0,1893.0,2122.0,2324.0,2708.0,2986.0,3050.0,3456.0,3412.0,3484.0,3567.0,3619.0,3570.0,3602.0,3509.0,3415.0,3212.0,3174.0,2977.0,2952.0,2872.0,2808.0,2834.0,2821.0,2746.0,2824.0,2621.0,2641.0,2510.0,2593.0,2610.0,2542.0,2498.0,2323.0,2243.0,2159.0,2102.0,2045.0,1972.0,1967.0,2059.0,2104.0,1928.0,1892.0,1902.0,1828.0,1657.0,1418.0,1642.0,1504.0,1148.0,1486.0,1565.0,1664.0,1568.0,1698.0,1739.0,1597.0,1576.0,1529.0,1396.0,1283.0,1106.0,1069.0,950.0,828.0,745.0,586.0,458.0,371.0,276.0,255.0,180.0,135.0,347.0
b/4/19,les Corts,4,19. les Corts,47635.0,399.0,377.0,393.0,359.0,361.0,345.0,366.0,378.0,306.0,301.0,345.0,323.0,330.0,348.0,377.0,323.0,373.0,372.0,412.0,426.0,466.0,447.0,566.0,593.0,621.0,638.0,710.0,748.0,811.0,812.0,777.0,792.0,744.0,747.0,794.0,774.0,763.0,729.0,704.0,653.0,594.0,604.0,659.0,643.0,598.0,642.0,665.0,606.0,611.0,619.0,687.0,661.0,656.0,660.0,633.0,631.0,666.0,695.0,634.0,626.0,702.0,689.0,720.0,656.0,679.0,614.0,654.0,560.0,447.0,533.0,477.0,305.0,417.0,484.0,454.0,425.0,426.0,407.0,381.0,408.0,350.0,356.0,326.0,304.0,346.0,280.0,222.0,207.0,192.0,177.0,134.0,91.0,75.0,57.0,43.0,144.0
b/4/20,la Maternitat i Sant Ramon,4,20. la Maternitat i Sant Ramon,23818.0,167.0,186.0,179.0,177.0,177.0,196.0,196.0,170.0,168.0,187.0,152.0,163.0,191.0,179.0,168.0,181.0,210.0,195.0,191.0,174.0,238.0,238.0,267.0,294.0,313.0,370.0,373.0,364.0,377.0,429.0,362.0,355.0,394.0,332.0,362.0,362.0,358.0,334.0,359.0,348.0,295.0,297.0,295.0,268.0,300.0,318.0,318.0,294.0,293.0,317.0,327.0,306.0,320.0,315.0,329.0,328.0,298.0,356.0,369.0,383.0,308.0,377.0,375.0,333.0,338.0,346.0,381.0,312.0,244.0,258.0,242.0,179.0,234.0,220.0,229.0,246.0,228.0,234.0,216.0,216.0,195.0,180.0,167.0,155.0,154.0,134.0,99.0,86.0,75.0,71.0,56.0,39.0,28.0,24.0,21.0,56.0
b/4/21,Pedralbes,4,21. Pedralbes,11758.0,78.0,90.0,95.0,97.0,111.0,118.0,111.0,117.0,121.0,130.0,122.0,130.0,123.0,117.0,132.0,141.0,134.0,133.0,105.0,122.0,115.0,135.0,119.0,140.0,131.0,155.0,138.0,149.0,167.0,157.0,147.0,160.0,131.0,137.0,152.0,140.0,170.0,136.0,178.0,166.0,158.0,138.0,145.0,143.0,158.0,138.0,164.0,169.0,153.0,146.0,141.0,137.0,162.0,143.0,129.0,144.0,156.0,133.0,168.0,159.0,158.0,180.0,148.0,141.0,172.0,157.0,168.0,125.0,113.0,136.0,137.0,87.0,101.0,114.0,130.0,108.0,122.0,116.0,120.0,112.0,123.0,82.0,97.0,74.0,83.0,78.0,52.0,69.0,48.0,40.0,25.0,26.0,18.0,16.0,13.0,35.0
b/4,Les Corts,4,,83211.0,644.0,653.0,667.0,633.0,649.0,659.0,673.0,665.0,595.0,618.0,619.0,616.0,644.0,644.0,677.0,645.0,717.0,700.0,708.0,722.0,819.0,820.0,952.0,1027.0,1065.0,1163.0,1221.0,1261.0,1355.0,1398.0,1286.0,1307.0,1269.0,1216.0,1308.0,1276.0,1291.0,1199.0,1241.0,1167.0,1047.0,1039.0,1099.0,1054.0,1056.0,1098.0,1147.0,1069.0,1057.0,1082.0,1155.0,1104.0,1138.0,1118.0,1091.0,1103.0,1120.0,1184.0,1171.0,1168.0,1168.0,1246.0,1243.0,1130.0,1189.0,1117.0,1203.0,997.0,804.0,927.0,856.0,571.0,752.0,818.0,813.0,779.0,776.0,757.0,717.0,736.0,668.0,618.0,590.0,533.0,583.0,492.0,373.0,362.0,315.0,288.0,215.0,156.0,121.0,97.0,77.0,235.0
b/5/22,"Vallvidrera, el Tibidabo i les Planes",5,"22. Vallvidrera, el Tibidabo i les Planes",4340.0,42.0,51.0,64.0,71.0,62.0,52.0,60.0,61.0,56.0,62.0,52.0,63.0,59.0,46.0,40.0,43.0,42.0,38.0,46.0,52.0,46.0,36.0,33.0,38.0,40.0,45.0,24.0,38.0,43.0,48.0,26.0,62.0,45.0,59.0,50.0,59.0,75.0,83.0,77.0,78.0,82.0,68.0,88.0,78.0,98.0,87.0,88.0,80.0,60.0,76.0,73.0,66.0,71.0,64.0,58.0,51.0,47.0,47.0,44.0,42.0,46.0,39.0,50.0,32.0,45.0,34.0,46.0,35.0,30.0,38.0,30.0,22.0,29.0,25.0,30.0,23.0,32.0,27.0,23.0,22.0,21.0,16.0,16.0,28.0,21.0,24.0,23.0,17.0,11.0,10.0,15.0,6.0,4.0,5.0,7.0,23.0
b/5/23,Sarrià,5,23. Sarrià,24028.0,268.0,270.0,289.0,307.0,308.0,309.0,315.0,289.0,256.0,293.0,245.0,309.0,262.0,263.0,241.0,249.0,246.0,258.0,233.0,252.0,255.0,222.0,230.0,210.0,228.0,220.0,242.0,251.0,284.0,287.0,284.0,325.0,338.0,360.0,319.0,407.0,328.0,387.0,377.0,370.0,377.0,335.0,356.0,381.0,366.0,365.0,374.0,323.0,336.0,350.0,334.0,320.0,296.0,288.0,282.0,281.0,278.0,275.0,251.0,250.0,278.0,255.0,287.0,234.0,255.0,249.0,268.0,208.0,213.0,237.0,216.0,127.0,172.0,184.0,217.0,211.0,199.0,189.0,192.0,192.0,196.0,181.0,178.0,160.0,169.0,143.0,130.0,114.0,120.0,94.0,72.0,57.0,61.0,42.0,26.0,98.0
b/5/24,les Tres Torres,5,24. les Tres Torres,15807.0,144.0,160.0,184.0,228.0,194.0,206.0,207.0,208.0,190.0,185.0,212.0,173.0,195.0,167.0,171.0,182.0,161.0,194.0,187.0,178.0,181.0,193.0,169.0,184.0,158.0,183.0,178.0,172.0,165.0,187.0,165.0,181.0,205.0,189.0,207.0,241.0,227.0,209.0,213.0,247.0,226.0,206.0,229.0,238.0,239.0,234.0,262.0,220.0,221.0,205.0,222.0,207.0,211.0,194.0,189.0,199.0,175.0,155.0,194.0,201.0,170.0,174.0,202.0,175.0,194.0,194.0,173.0,156.0,152.0,159.0,146.0,96.0,135.0,132.0,154.0,147.0,138.0,129.0,123.0,110.0,113.0,105.0,101.0,79.0,92.0,70.0,64.0,53.0,49.0,44.0,32.0,27.0,18.0,20.0,23.0,51.0
b/5/25,Sant Gervasi - la Bonanova,5,25. Sant Gervasi - la Bonanova,24307.0,229.0,217.0,249.0,266.0,263.0,256.0,251.0,299.0,253.0,238.0,237.0,249.0,247.0,242.0,266.0,260.0,244.0,286.0,224.0,212.0,239.0,236.0,229.0,253.0,254.0,290.0,305.0,284.0,311.0,296.0,324.0,306.0,313.0,322.0,319.0,379.0,372.0,387.0,370.0,370.0,381.0,307.0,359.0,327.0,351.0,341.0,348.0,347.0,323.0,309.0,317.0,339.0,355.0,311.0,284.0,283.0,285.0,252.0,263.0,282.0,280.0,286.0,300.0,279.0,280.0,283.0,274.0,243.0,221.0,250.0,225.0,158.0,195.0,236.0,241.0,237.0,212.0,202.0,222.0,210.0,204.0,185.0,169.0,177.0,182.0,165.0,140.0,139.0,112.0,107.0,84.0,52.0,60.0,44.0,44.0,98.0
b/5/26,Sant Gervasi - Galvany,5,26. Sant Gervasi - Galvany,46478.0,405.0,430.0,485.0,483.0,443.0,473.0,469.0,481.0,453.0,476.0,471.0,453.0,439.0,426.0,455.0,457.0,471.0,449.0,463.0,433.0,412.0,469.0,429.0,472.0,468.0,556.0,554.0,522.0,561.0,588.0,630.0,655.0,638.0,650.0,665.0,667.0,668.0,689.0,688.0,703.0,680.0,629.0,677.0,756.0,706.0,721.0,654.0,711.0,635.0,647.0,661.0,631.0,576.0,600.0,560.0,533.0,531.0,544.0,489.0,546.0,554.0,540.0,533.0,547.0,532.0,530.0,552.0,505.0,453.0,514.0,426.0,292.0,338.0,475.0,428.0,441.0,422.0,441.0,409.0,451.0,412.0,384.0,351.0,352.0,334.0,300.0,269.0,286.0,220.0,188.0,152.0,111.0,98.0,81.0,72.0,199.0
b/5/27,el Putxet i el Farró,5,27. el Putxet i el Farró,30566.0,303.0,251.0,289.0,275.0,273.0,251.0,285.0,304.0,273.0,244.0,265.0,274.0,259.0,264.0,232.0,240.0,253.0,244.0,269.0,239.0,289.0,295.0,315.0,340.0,378.0,444.0,476.0,511.0,590.0,566.0,554.0,553.0,540.0,567.0,547.0,547.0,596.0,493.0,498.0,503.0,484.0,468.0,455.0,434.0,470.0,447.0,445.0,406.0,385.0,389.0,400.0,398.0,367.0,365.0,354.0,383.0,359.0,361.0,383.0,373.0,362.0,381.0,348.0,339.0,325.0,319.0,348.0,299.0,288.0,288.0,286.0,151.0,205.0,235.0,256.0,210.0,225.0,253.0,227.0,183.0,214.0,197.0,207.0,176.0,175.0,152.0,160.0,145.0,133.0,102.0,88.0,62.0,58.0,45.0,29.0,80.0
b/5,Sarrià-Sant Gervasi,5,,145526.0,1391.0,1379.0,1560.0,1630.0,1543.0,1547.0,1587.0,1642.0,1481.0,1498.0,1482.0,1521.0,1461.0,1408.0,1405.0,1431.0,1417.0,1469.0,1422.0,1366.0,1422.0,1451.0,1405.0,1497.0,1526.0,1738.0,1779.0,1778.0,1954.0,1972.0,1983.0,2082.0,2079.0,2147.0,2107.0,2300.0,2266.0,2248.0,2223.0,2271.0,2230.0,2013.0,2164.0,2214.0,2230.0,2195.0,2171.0,2087.0,1960.0,1976.0,2007.0,1961.0,1876.0,1822.0,1727.0,1730.0,1675.0,1634.0,1624.0,1694.0,1690.0,1675.0,1720.0,1606.0,1631.0,1609.0,1661.0,1446.0,1357.0,1486.0,1329.0,846.0,1074.0,1287.0,1326.0,1269.0,1228.0,1241.0,1196.0,1168.0,1160.0,1068.0,1022.0,972.0,973.0,854.0,786.0,754.0,645.0,545.0,443.0,315.0,299.0,237.0,201.0,549.0
b/6/28,Vallcarca i els Penitents,6,28. Vallcarca i els Penitents,15436.0,129.0,150.0,145.0,135.0,159.0,126.0,128.0,134.0,139.0,121.0,125.0,120.0,125.0,120.0,98.0,111.0,131.0,117.0,121.0,120.0,140.0,132.0,146.0,150.0,156.0,202.0,196.0,235.0,232.0,227.0,232.0,234.0,269.0,300.0,266.0,269.0,255.0,277.0,259.0,274.0,248.0,220.0,218.0,212.0,236.0,222.0,233.0,208.0,202.0,192.0,192.0,210.0,198.0,198.0,194.0,189.0,171.0,176.0,176.0,183.0,205.0,214.0,170.0,187.0,212.0,196.0,202.0,169.0,142.0,196.0,129.0,99.0,129.0,155.0,167.0,136.0,162.0,140.0,130.0,125.0,127.0,117.0,100.0,104.0,94.0,92.0,87.0,65.0,56.0,54.0,36.0,37.0,32.0,23.0,16.0,48.0
b/6/29,el Coll,6,29. el Coll,7271.0,77.0,67.0,63.0,71.0,72.0,59.0,70.0,61.0,67.0,53.0,65.0,48.0,58.0,57.0,52.0,40.0,67.0,69.0,51.0,58.0,54.0,79.0,66.0,69.0,69.0,81.0,90.0,100.0,117.0,135.0,125.0,122.0,144.0,181.0,162.0,160.0,124.0,153.0,135.0,111.0,125.0,105.0,122.0,110.0,88.0,115.0,102.0,111.0,101.0,98.0,112.0,89.0,95.0,86.0,79.0,87.0,101.0,79.0,87.0,86.0,93.0,89.0,95.0,85.0,88.0,82.0,91.0,68.0,67.0,75.0,69.0,53.0,76.0,66.0,64.0,48.0,63.0,56.0,43.0,51.0,50.0,51.0,43.0,32.0,32.0,28.0,23.0,22.0,17.0,10.0,19.0,14.0,1.0,9.0,4.0,14.0
b/6/30,la Salut,6,30. la Salut,13267.0,88.0,132.0,107.0,101.0,97.0,121.0,107.0,107.0,88.0,85.0,83.0,102.0,104.0,100.0,92.0,99.0,103.0,113.0,118.0,101.0,95.0,134.0,129.0,146.0,166.0,177.0,203.0,213.0,222.0,236.0,232.0,215.0,226.0,243.0,222.0,256.0,245.0,219.0,198.0,185.0,175.0,173.0,170.0,168.0,157.0,174.0,156.0,168.0,158.0,186.0,153.0,168.0,185.0,170.0,161.0,158.0,184.0,160.0,198.0,198.0,155.0,207.0,205.0,181.0,162.0,186.0,163.0,134.0,157.0,143.0,142.0,81.0,128.0,128.0,113.0,130.0,123.0,125.0,122.0,114.0,100.0,92.0,80.0,104.0,83.0,89.0,73.0,57.0,64.0,38.0,31.0,21.0,30.0,22.0,17.0,37.0
b/6/31,la Vila de Gràcia,6,31. la Vila de Gràcia,52586.0,433.0,467.0,438.0,387.0,388.0,383.0,394.0,344.0,329.0,322.0,321.0,316.0,253.0,296.0,305.0,300.0,295.0,319.0,331.0,307.0,361.0,376.0,483.0,525.0,643.0,779.0,896.0,1059.0,1171.0,1281.0,1312.0,1307.0,1316.0,1323.0,1274.0,1216.0,1114.0,1086.0,1040.0,944.0,874.0,776.0,789.0,833.0,779.0,750.0,764.0,684.0,686.0,666.0,601.0,635.0,654.0,569.0,546.0,531.0,588.0,513.0,539.0,547.0,541.0,499.0,526.0,456.0,483.0,482.0,465.0,418.0,361.0,426.0,381.0,279.0,361.0,397.0,437.0,454.0,430.0,453.0,453.0,442.0,434.0,399.0,426.0,389.0,327.0,358.0,298.0,275.0,238.0,204.0,154.0,129.0,108.0,94.0,63.0,188.0
b/6/32,el Camp d'en Grassot i Gràcia Nova,6,32. el Camp d'en Grassot i Gràcia Nova,34681.0,296.0,283.0,281.0,254.0,291.0,271.0,282.0,243.0,258.0,236.0,244.0,214.0,217.0,251.0,261.0,271.0,270.0,262.0,255.0,285.0,271.0,285.0,301.0,338.0,410.0,431.0,537.0,532.0,578.0,614.0,605.0,627.0,642.0,632.0,616.0,643.0,555.0,521.0,564.0,528.0,492.0,478.0,494.0,486.0,487.0,503.0,509.0,456.0,463.0,464.0,480.0,444.0,480.0,484.0,444.0,438.0,441.0,450.0,464.0,438.0,477.0,459.0,477.0,403.0,428.0,434.0,400.0,354.0,332.0,371.0,327.0,246.0,318.0,337.0,333.0,318.0,291.0,327.0,333.0,265.0,275.0,273.0,266.0,229.0,213.0,221.0,207.0,171.0,155.0,126.0,116.0,79.0,61.0,49.0,39.0,121.0
b/6,Gràcia,6,,123241.0,1023.0,1099.0,1034.0,948.0,1007.0,960.0,981.0,889.0,881.0,817.0,838.0,800.0,757.0,824.0,808.0,821.0,866.0,880.0,876.0,871.0,921.0,1006.0,1125.0,1228.0,1444.0,1670.0,1922.0,2139.0,2320.0,2493.0,2506.0,2505.0,2597.0,2679.0,2540.0,2544.0,2293.0,2256.0,2196.0,2042.0,1914.0,1752.0,1793.0,1809.0,1747.0,1764.0,1764.0,1627.0,1610.0,1606.0,1538.0,1546.0,1612.0,1507.0,1424.0,1403.0,1485.0,1378.0,1464.0,1452.0,1471.0,1468.0,1473.0,1312.0,1373.0,1380.0,1321.0,1143.0,1059.0,1211.0,1048.0,758.0,1012.0,1083.0,1114.0,1086.0,1069.0,1101.0,1081.0,997.0,986.0,932.0,915.0,858.0,749.0,788.0,688.0,590.0,530.0,432.0,356.0,280.0,232.0,197.0,139.0,408.0
b/7/33,el Baix Guinardó,7,33. el Baix Guinardó,26123.0,206.0,181.0,211.0,178.0,183.0,212.0,149.0,171.0,200.0,182.0,179.0,165.0,178.0,195.0,164.0,191.0,190.0,203.0,218.0,211.0,225.0,246.0,222.0,281.0,290.0,328.0,338.0,389.0,406.0,450.0,444.0,453.0,485.0,472.0,481.0,469.0,420.0,390.0,414.0,372.0,378.0,383.0,370.0,383.0,370.0,345.0,390.0,380.0,385.0,364.0,351.0,340.0,363.0,323.0,363.0,333.0,346.0,293.0,314.0,269.0,280.0,288.0,305.0,304.0,313.0,305.0,328.0,251.0,236.0,274.0,232.0,203.0,240.0,272.0,263.0,287.0,283.0,262.0,284.0,278.0,271.0,243.0,230.0,210.0,190.0,192.0,157.0,158.0,123.0,125.0,92.0,66.0,46.0,34.0,31.0,82.0
b/7/34,Can Baró,7,34. Can Baró,9034.0,79.0,83.0,89.0,83.0,64.0,87.0,55.0,66.0,72.0,65.0,68.0,60.0,69.0,60.0,71.0,60.0,70.0,68.0,79.0,75.0,93.0,92.0,82.0,88.0,116.0,116.0,144.0,126.0,149.0,150.0,140.0,145.0,173.0,146.0,162.0,160.0,151.0,151.0,133.0,138.0,146.0,136.0,127.0,135.0,146.0,148.0,126.0,128.0,123.0,123.0,122.0,111.0,122.0,139.0,110.0,100.0,89.0,96.0,120.0,91.0,99.0,123.0,117.0,104.0,113.0,111.0,108.0,104.0,93.0,75.0,97.0,62.0,91.0,75.0,100.0,81.0,97.0,94.0,84.0,83.0,67.0,86.0,69.0,59.0,60.0,56.0,38.0,35.0,32.0,19.0,19.0,19.0,11.0,14.0,4.0,19.0
b/7/35,el Guinardó,7,35. el Guinardó,35803.0,330.0,300.0,303.0,281.0,271.0,334.0,256.0,280.0,263.0,250.0,275.0,279.0,277.0,252.0,262.0,241.0,241.0,284.0,270.0,267.0,313.0,312.0,328.0,348.0,401.0,439.0,466.0,518.0,568.0,612.0,602.0,678.0,660.0,656.0,659.0,654.0,625.0,631.0,576.0,599.0,561.0,569.0,526.0,556.0,534.0,513.0,512.0,487.0,469.0,473.0,472.0,467.0,459.0,472.0,410.0,427.0,441.0,419.0,395.0,427.0,403.0,434.0,481.0,393.0,454.0,419.0,410.0,357.0,333.0,380.0,364.0,262.0,333.0,353.0,354.0,367.0,365.0,346.0,336.0,343.0,334.0,278.0,272.0,242.0,245.0,230.0,182.0,166.0,119.0,120.0,98.0,55.0,57.0,54.0,33.0,81.0
b/7/36,la Font d'en Fargues,7,36. la Font d'en Fargues,9585.0,79.0,88.0,95.0,88.0,103.0,100.0,93.0,97.0,100.0,96.0,95.0,92.0,81.0,74.0,75.0,79.0,91.0,90.0,77.0,68.0,83.0,83.0,91.0,88.0,97.0,101.0,95.0,110.0,124.0,116.0,109.0,133.0,148.0,139.0,140.0,135.0,170.0,164.0,161.0,138.0,141.0,126.0,136.0,143.0,166.0,129.0,147.0,129.0,144.0,142.0,132.0,183.0,131.0,131.0,115.0,127.0,131.0,144.0,123.0,135.0,155.0,135.0,157.0,133.0,148.0,121.0,125.0,107.0,88.0,95.0,93.0,73.0,92.0,93.0,100.0,83.0,71.0,84.0,70.0,55.0,78.0,54.0,52.0,46.0,47.0,48.0,48.0,35.0,34.0,27.0,32.0,11.0,12.0,8.0,11.0,23.0
b/7/37,el Carmel,7,37. el Carmel,32753.0,314.0,342.0,355.0,285.0,310.0,274.0,290.0,288.0,244.0,279.0,284.0,244.0,249.0,264.0,263.0,258.0,293.0,262.0,283.0,255.0,282.0,297.0,296.0,339.0,377.0,392.0,417.0,448.0,477.0,559.0,581.0,595.0,593.0,671.0,660.0,643.0,611.0,597.0,561.0,520.0,523.0,543.0,500.0,494.0,480.0,492.0,526.0,422.0,461.0,388.0,406.0,355.0,357.0,326.0,363.0,346.0,344.0,355.0,360.0,358.0,418.0,394.0,470.0,394.0,437.0,424.0,441.0,375.0,315.0,350.0,366.0,287.0,369.0,319.0,366.0,338.0,326.0,299.0,254.0,262.0,220.0,191.0,184.0,148.0,148.0,133.0,120.0,113.0,80.0,59.0,60.0,39.0,26.0,22.0,17.0,38.0
b/7/38,la Teixonera,7,38. la Teixonera,11481.0,118.0,94.0,99.0,107.0,118.0,92.0,88.0,106.0,91.0,97.0,97.0,90.0,86.0,96.0,99.0,80.0,99.0,94.0,91.0,91.0,100.0,119.0,115.0,104.0,148.0,110.0,160.0,153.0,191.0,175.0,196.0,210.0,230.0,243.0,210.0,206.0,218.0,210.0,214.0,217.0,215.0,219.0,179.0,179.0,180.0,165.0,178.0,151.0,149.0,149.0,154.0,157.0,128.0,146.0,134.0,124.0,124.0,115.0,136.0,125.0,130.0,138.0,154.0,121.0,116.0,131.0,135.0,134.0,118.0,122.0,124.0,91.0,117.0,113.0,109.0,107.0,112.0,85.0,105.0,87.0,75.0,63.0,77.0,66.0,69.0,37.0,36.0,33.0,29.0,18.0,19.0,10.0,9.0,11.0,3.0,8.0
b/7/39,Sant Genís dels Agudells,7,39. Sant Genís dels Agudells,7060.0,49.0,51.0,58.0,46.0,57.0,54.0,47.0,50.0,53.0,44.0,49.0,62.0,58.0,46.0,51.0,55.0,44.0,50.0,68.0,60.0,66.0,65.0,76.0,57.0,71.0,69.0,90.0,80.0,89.0,103.0,104.0,103.0,100.0,113.0,114.0,108.0,105.0,118.0,112.0,102.0,114.0,113.0,106.0,108.0,120.0,122.0,121.0,110.0,96.0,75.0,81.0,83.0,75.0,96.0,63.0,71.0,76.0,71.0,81.0,65.0,85.0,79.0,85.0,75.0,77.0,71.0,92.0,76.0,74.0,92.0,89.0,74.0,107.0,105.0,118.0,109.0,99.0,104.0,96.0,91.0,75.0,68.0,67.0,66.0,49.0,36.0,24.0,26.0,27.0,13.0,10.0,10.0,14.0,4.0,6.0,23.0
b/7/40,Montbau,7,40. Montbau,5199.0,45.0,49.0,61.0,38.0,40.0,44.0,43.0,43.0,36.0,37.0,28.0,45.0,34.0,46.0,42.0,33.0,39.0,26.0,35.0,24.0,29.0,32.0,28.0,29.0,31.0,51.0,41.0,44.0,43.0,48.0,64.0,67.0,78.0,73.0,80.0,89.0,70.0,93.0,76.0,84.0,89.0,88.0,95.0,94.0,92.0,83.0,88.0,80.0,69.0,66.0,57.0,43.0,48.0,45.0,39.0,28.0,34.0,33.0,32.0,39.0,29.0,42.0,41.0,29.0,47.0,52.0,52.0,46.0,44.0,69.0,70.0,48.0,72.0,90.0,100.0,106.0,82.0,106.0,101.0,82.0,72.0,85.0,68.0,70.0,73.0,55.0,50.0,45.0,30.0,32.0,23.0,19.0,24.0,16.0,9.0,40.0
b/7/41,la Vall d'Hebron,7,41. la Vall d'Hebron,5630.0,40.0,39.0,48.0,50.0,50.0,47.0,52.0,51.0,49.0,42.0,58.0,37.0,62.0,45.0,42.0,47.0,37.0,56.0,52.0,49.0,49.0,37.0,58.0,68.0,53.0,55.0,60.0,60.0,59.0,76.0,57.0,86.0,69.0,69.0,80.0,85.0,71.0,95.0,94.0,89.0,83.0,79.0,71.0,80.0,96.0,99.0,96.0,99.0,96.0,101.0,92.0,87.0,76.0,84.0,76.0,63.0,69.0,74.0,60.0,56.0,64.0,87.0,92.0,68.0,85.0,96.0,93.0,86.0,46.0,69.0,72.0,46.0,57.0,69.0,70.0,55.0,49.0,46.0,48.0,48.0,47.0,42.0,45.0,29.0,30.0,22.0,24.0,20.0,11.0,9.0,12.0,7.0,3.0,8.0,3.0,12.0
b/7/42,la Clota,7,42. la Clota,451.0,3.0,4.0,9.0,4.0,3.0,4.0,3.0,3.0,3.0,2.0,1.0,8.0,4.0,5.0,1.0,4.0,4.0,5.0,2.0,3.0,3.0,3.0,3.0,4.0,6.0,4.0,3.0,6.0,9.0,7.0,8.0,7.0,6.0,8.0,7.0,12.0,6.0,7.0,10.0,10.0,3.0,10.0,10.0,7.0,5.0,8.0,7.0,4.0,11.0,6.0,5.0,8.0,2.0,4.0,6.0,4.0,0.0,2.0,3.0,4.0,5.0,6.0,4.0,3.0,4.0,6.0,5.0,5.0,3.0,2.0,5.0,4.0,10.0,6.0,7.0,9.0,4.0,6.0,1.0,3.0,2.0,8.0,4.0,3.0,2.0,7.0,5.0,2.0,1.0,2.0,0.0,2.0,0.0,0.0,2.0,0.0
b/7/43,Horta,7,43. Horta,27825.0,205.0,235.0,221.0,219.0,244.0,226.0,251.0,194.0,220.0,194.0,192.0,176.0,182.0,199.0,207.0,184.0,196.0,227.0,233.0,227.0,214.0,271.0,302.0,330.0,314.0,361.0,427.0,390.0,451.0,434.0,407.0,433.0,478.0,496.0,464.0,505.0,466.0,458.0,456.0,472.0,446.0,415.0,412.0,413.0,411.0,434.0,398.0,425.0,382.0,336.0,352.0,398.0,336.0,313.0,303.0,341.0,306.0,300.0,303.0,323.0,320.0,332.0,370.0,355.0,349.0,356.0,362.0,298.0,277.0,327.0,277.0,228.0,299.0,337.0,304.0,283.0,288.0,303.0,282.0,277.0,232.0,203.0,191.0,197.0,188.0,160.0,147.0,113.0,119.0,63.0,79.0,49.0,33.0,26.0,29.0,64.0
b/7,Horta-Guinardó,7,,170944.0,1468.0,1466.0,1549.0,1379.0,1443.0,1474.0,1327.0,1349.0,1331.0,1288.0,1326.0,1258.0,1280.0,1282.0,1277.0,1232.0,1304.0,1365.0,1408.0,1330.0,1457.0,1557.0,1601.0,1736.0,1904.0,2026.0,2241.0,2324.0,2566.0,2730.0,2712.0,2910.0,3020.0,3086.0,3057.0,3066.0,2913.0,2914.0,2807.0,2741.0,2699.0,2681.0,2532.0,2592.0,2600.0,2538.0,2589.0,2415.0,2385.0,2223.0,2224.0,2232.0,2097.0,2079.0,1982.0,1964.0,1960.0,1902.0,1927.0,1892.0,1988.0,2058.0,2276.0,1979.0,2143.0,2092.0,2151.0,1839.0,1627.0,1855.0,1789.0,1378.0,1787.0,1832.0,1891.0,1825.0,1776.0,1735.0,1661.0,1609.0,1473.0,1321.0,1259.0,1136.0,1101.0,976.0,831.0,746.0,605.0,487.0,444.0,287.0,235.0,197.0,148.0,390.0
b/8/44,Vilapicina i la Torre Llobeta,8,44. Vilapicina i la Torre Llobeta,25666.0,190.0,211.0,239.0,215.0,207.0,215.0,197.0,188.0,174.0,179.0,182.0,194.0,196.0,168.0,209.0,208.0,220.0,190.0,226.0,209.0,229.0,242.0,247.0,283.0,262.0,287.0,318.0,332.0,362.0,354.0,388.0,378.0,397.0,415.0,417.0,451.0,423.0,421.0,382.0,378.0,373.0,369.0,402.0,394.0,372.0,382.0,397.0,368.0,357.0,373.0,331.0,387.0,355.0,342.0,352.0,297.0,326.0,291.0,308.0,307.0,289.0,336.0,350.0,268.0,327.0,348.0,295.0,264.0,234.0,258.0,256.0,215.0,258.0,307.0,277.0,299.0,302.0,290.0,268.0,249.0,239.0,229.0,187.0,195.0,153.0,170.0,141.0,130.0,108.0,78.0,65.0,45.0,42.0,39.0,23.0,66.0
b/8/45,Porta,8,45. Porta,23809.0,213.0,191.0,213.0,214.0,166.0,179.0,195.0,195.0,172.0,163.0,164.0,159.0,182.0,149.0,162.0,145.0,166.0,186.0,173.0,197.0,179.0,193.0,209.0,235.0,247.0,265.0,248.0,283.0,311.0,365.0,396.0,410.0,439.0,466.0,406.0,413.0,419.0,410.0,386.0,391.0,357.0,353.0,364.0,326.0,362.0,356.0,359.0,332.0,308.0,295.0,299.0,293.0,240.0,246.0,256.0,265.0,225.0,224.0,271.0,250.0,279.0,308.0,330.0,291.0,329.0,350.0,290.0,296.0,251.0,276.0,261.0,246.0,282.0,330.0,300.0,304.0,341.0,310.0,286.0,282.0,237.0,201.0,200.0,149.0,153.0,128.0,125.0,95.0,88.0,54.0,64.0,23.0,26.0,29.0,23.0,36.0
b/8/46,el Turó de la Peira,8,46. el Turó de la Peira,16932.0,143.0,163.0,166.0,131.0,146.0,133.0,153.0,118.0,122.0,126.0,106.0,121.0,112.0,120.0,111.0,114.0,141.0,145.0,131.0,153.0,163.0,182.0,215.0,242.0,214.0,263.0,282.0,291.0,339.0,302.0,347.0,323.0,295.0,307.0,304.0,299.0,303.0,303.0,282.0,260.0,296.0,267.0,232.0,249.0,242.0,251.0,254.0,259.0,256.0,229.0,196.0,233.0,188.0,165.0,160.0,131.0,132.0,122.0,128.0,98.0,109.0,98.0,123.0,97.0,104.0,104.0,132.0,109.0,96.0,127.0,125.0,108.0,133.0,195.0,195.0,226.0,227.0,233.0,259.0,235.0,255.0,226.0,212.0,187.0,178.0,125.0,100.0,95.0,74.0,50.0,45.0,24.0,24.0,12.0,8.0,23.0
b/8/47,Can Peguera,8,47. Can Peguera,2250.0,16.0,20.0,23.0,17.0,17.0,20.0,14.0,14.0,18.0,14.0,20.0,18.0,14.0,26.0,23.0,17.0,28.0,29.0,22.0,22.0,29.0,26.0,32.0,15.0,35.0,28.0,25.0,31.0,30.0,24.0,32.0,32.0,28.0,38.0,26.0,33.0,30.0,32.0,34.0,23.0,34.0,38.0,30.0,41.0,38.0,40.0,32.0,43.0,31.0,20.0,27.0,38.0,26.0,27.0,27.0,28.0,26.0,25.0,21.0,13.0,15.0,23.0,28.0,20.0,24.0,18.0,19.0,22.0,19.0,20.0,30.0,17.0,34.0,25.0,30.0,22.0,22.0,33.0,34.0,31.0,30.0,24.0,28.0,15.0,16.0,24.0,9.0,7.0,5.0,6.0,5.0,3.0,0.0,4.0,0.0,8.0
b/8/48,la Guineueta,8,48. la Guineueta,15268.0,119.0,120.0,131.0,124.0,142.0,135.0,107.0,115.0,109.0,104.0,106.0,122.0,103.0,114.0,126.0,114.0,111.0,109.0,110.0,117.0,132.0,102.0,124.0,131.0,155.0,150.0,144.0,147.0,183.0,208.0,199.0,210.0,245.0,226.0,215.0,247.0,236.0,196.0,268.0,232.0,253.0,231.0,217.0,216.0,241.0,250.0,207.0,224.0,224.0,184.0,170.0,183.0,155.0,175.0,163.0,171.0,160.0,190.0,159.0,187.0,191.0,227.0,240.0,203.0,234.0,250.0,213.0,215.0,170.0,198.0,201.0,157.0,198.0,208.0,224.0,211.0,196.0,192.0,183.0,171.0,158.0,156.0,135.0,133.0,89.0,107.0,79.0,68.0,47.0,45.0,29.0,34.0,19.0,14.0,8.0,17.0
b/8/49,Canyelles,8,49. Canyelles,7322.0,57.0,48.0,58.0,65.0,45.0,61.0,50.0,64.0,65.0,56.0,66.0,53.0,52.0,52.0,78.0,52.0,65.0,62.0,62.0,75.0,73.0,78.0,81.0,84.0,71.0,95.0,75.0,96.0,99.0,83.0,117.0,127.0,98.0,81.0,113.0,105.0,75.0,102.0,115.0,96.0,112.0,102.0,106.0,125.0,101.0,98.0,95.0,92.0,96.0,89.0,91.0,105.0,118.0,121.0,128.0,162.0,140.0,117.0,123.0,102.0,103.0,118.0,120.0,99.0,110.0,100.0,102.0,100.0,55.0,90.0,76.0,63.0,72.0,74.0,94.0,56.0,75.0,75.0,60.0,52.0,56.0,42.0,37.0,45.0,25.0,30.0,27.0,21.0,19.0,19.0,10.0,9.0,6.0,0.0,4.0,5.0
b/8/50,les Roquetes,8,50. les Roquetes,16178.0,163.0,180.0,199.0,167.0,142.0,171.0,158.0,162.0,136.0,148.0,160.0,138.0,125.0,131.0,141.0,143.0,155.0,154.0,157.0,171.0,163.0,193.0,189.0,219.0,226.0,253.0,272.0,282.0,289.0,297.0,330.0,308.0,325.0,291.0,320.0,284.0,303.0,302.0,277.0,279.0,296.0,254.0,265.0,234.0,259.0,233.0,237.0,209.0,183.0,188.0,205.0,192.0,189.0,188.0,174.0,166.0,162.0,156.0,160.0,143.0,164.0,190.0,201.0,160.0,171.0,177.0,173.0,145.0,123.0,113.0,147.0,95.0,136.0,149.0,117.0,130.0,125.0,131.0,108.0,116.0,123.0,91.0,77.0,74.0,60.0,50.0,49.0,41.0,36.0,35.0,23.0,17.0,11.0,4.0,5.0,15.0
b/8/51,Verdun,8,51. Verdun,12398.0,139.0,134.0,147.0,102.0,96.0,103.0,105.0,94.0,92.0,87.0,101.0,106.0,82.0,87.0,85.0,79.0,102.0,109.0,105.0,94.0,118.0,107.0,128.0,162.0,140.0,153.0,172.0,155.0,217.0,211.0,251.0,211.0,223.0,208.0,217.0,242.0,242.0,223.0,206.0,202.0,193.0,189.0,187.0,195.0,190.0,172.0,156.0,164.0,154.0,140.0,159.0,142.0,157.0,134.0,130.0,144.0,110.0,117.0,113.0,121.0,101.0,136.0,149.0,125.0,154.0,161.0,156.0,139.0,113.0,123.0,144.0,122.0,129.0,152.0,156.0,130.0,127.0,133.0,116.0,120.0,118.0,102.0,85.0,89.0,54.0,66.0,72.0,59.0,49.0,31.0,21.0,19.0,13.0,11.0,7.0,12.0
b/8/52,la Prosperitat,8,52. la Prosperitat,26749.0,258.0,240.0,284.0,238.0,205.0,243.0,212.0,215.0,216.0,203.0,216.0,229.0,188.0,236.0,199.0,180.0,193.0,226.0,203.0,224.0,230.0,221.0,257.0,265.0,267.0,320.0,337.0,361.0,414.0,441.0,477.0,451.0,445.0,531.0,500.0,478.0,446.0,455.0,428.0,437.0,428.0,406.0,414.0,404.0,357.0,396.0,373.0,311.0,339.0,330.0,289.0,337.0,323.0,281.0,303.0,280.0,260.0,274.0,273.0,300.0,280.0,308.0,360.0,307.0,384.0,375.0,360.0,341.0,295.0,330.0,367.0,258.0,317.0,339.0,332.0,300.0,294.0,304.0,261.0,236.0,224.0,182.0,188.0,168.0,114.0,136.0,130.0,85.0,100.0,52.0,57.0,29.0,23.0,24.0,15.0,27.0
b/8/53,la Trinitat Nova,8,53. la Trinitat Nova,7815.0,85.0,74.0,92.0,77.0,79.0,80.0,74.0,73.0,76.0,59.0,75.0,52.0,75.0,63.0,64.0,61.0,69.0,59.0,79.0,70.0,75.0,91.0,91.0,69.0,93.0,87.0,115.0,112.0,131.0,116.0,134.0,148.0,141.0,144.0,133.0,136.0,142.0,119.0,136.0,142.0,121.0,139.0,104.0,120.0,112.0,118.0,115.0,117.0,113.0,101.0,106.0,103.0,113.0,88.0,95.0,90.0,86.0,79.0,75.0,62.0,64.0,69.0,63.0,78.0,63.0,63.0,44.0,42.0,42.0,50.0,50.0,33.0,68.0,60.0,59.0,68.0,75.0,81.0,82.0,108.0,101.0,82.0,71.0,58.0,64.0,62.0,59.0,46.0,39.0,42.0,26.0,11.0,14.0,7.0,9.0,14.0
b/8/54,Torre Baró,8,54. Torre Baró,2166.0,17.0,23.0,29.0,35.0,26.0,21.0,30.0,16.0,29.0,30.0,18.0,25.0,34.0,16.0,20.0,24.0,20.0,27.0,32.0,31.0,28.0,33.0,27.0,27.0,32.0,30.0,32.0,37.0,33.0,33.0,31.0,26.0,24.0,35.0,25.0,31.0,37.0,42.0,38.0,26.0,35.0,42.0,26.0,40.0,27.0,33.0,39.0,37.0,27.0,26.0,25.0,44.0,31.0,26.0,25.0,30.0,24.0,25.0,24.0,23.0,28.0,18.0,18.0,16.0,18.0,22.0,16.0,17.0,14.0,19.0,16.0,16.0,22.0,20.0,16.0,16.0,19.0,11.0,12.0,8.0,14.0,11.0,7.0,5.0,12.0,12.0,7.0,3.0,2.0,2.0,0.0,1.0,2.0,1.0,1.0,5.0
b/8/55,Ciutat Meridiana,8,55. Ciutat Meridiana,11121.0,121.0,162.0,113.0,147.0,125.0,122.0,105.0,104.0,111.0,106.0,110.0,104.0,107.0,98.0,107.0,113.0,105.0,117.0,123.0,122.0,120.0,141.0,142.0,156.0,175.0,155.0,200.0,177.0,185.0,212.0,238.0,242.0,242.0,243.0,225.0,247.0,246.0,239.0,203.0,189.0,177.0,185.0,173.0,157.0,170.0,162.0,170.0,124.0,137.0,115.0,109.0,105.0,106.0,101.0,89.0,92.0,84.0,103.0,81.0,104.0,111.0,103.0,144.0,112.0,114.0,108.0,109.0,123.0,87.0,116.0,120.0,71.0,95.0,85.0,101.0,68.0,79.0,84.0,68.0,64.0,50.0,40.0,36.0,36.0,27.0,25.0,20.0,14.0,18.0,13.0,13.0,7.0,7.0,3.0,2.0,5.0
b/8/56,Vallbona,8,56. Vallbona,1342.0,23.0,25.0,26.0,17.0,26.0,7.0,13.0,12.0,14.0,17.0,6.0,15.0,8.0,14.0,11.0,10.0,10.0,16.0,17.0,15.0,17.0,7.0,9.0,13.0,18.0,13.0,16.0,21.0,20.0,17.0,27.0,40.0,35.0,34.0,34.0,27.0,31.0,27.0,22.0,25.0,27.0,18.0,14.0,12.0,23.0,18.0,19.0,14.0,7.0,18.0,17.0,16.0,15.0,15.0,8.0,12.0,14.0,19.0,15.0,9.0,4.0,6.0,12.0,11.0,8.0,10.0,12.0,2.0,6.0,12.0,10.0,11.0,8.0,16.0,16.0,7.0,11.0,5.0,12.0,5.0,12.0,10.0,5.0,4.0,10.0,6.0,5.0,6.0,6.0,2.0,3.0,6.0,4.0,4.0,3.0,7.0
b/8,Nou Barris,8,,169016.0,1544.0,1591.0,1720.0,1549.0,1422.0,1490.0,1413.0,1370.0,1334.0,1292.0,1330.0,1336.0,1278.0,1274.0,1336.0,1260.0,1385.0,1429.0,1440.0,1500.0,1556.0,1616.0,1751.0,1901.0,1935.0,2099.0,2236.0,2325.0,2613.0,2663.0,2967.0,2906.0,2937.0,3019.0,2935.0,2993.0,2933.0,2871.0,2777.0,2680.0,2702.0,2593.0,2534.0,2513.0,2494.0,2509.0,2453.0,2294.0,2232.0,2108.0,2024.0,2178.0,2016.0,1909.0,1910.0,1868.0,1749.0,1742.0,1751.0,1719.0,1738.0,1940.0,2138.0,1787.0,2040.0,2086.0,1921.0,1815.0,1505.0,1732.0,1803.0,1412.0,1752.0,1960.0,1917.0,1837.0,1893.0,1882.0,1749.0,1677.0,1617.0,1396.0,1268.0,1158.0,955.0,941.0,823.0,670.0,591.0,429.0,361.0,228.0,191.0,152.0,108.0,240.0
b/9/57,la Trinitat Vella,9,57. la Trinitat Vella,10544.0,149.0,162.0,136.0,122.0,118.0,107.0,82.0,95.0,98.0,69.0,92.0,109.0,100.0,80.0,122.0,98.0,125.0,107.0,124.0,114.0,144.0,136.0,134.0,130.0,147.0,162.0,169.0,179.0,201.0,235.0,219.0,253.0,228.0,261.0,231.0,231.0,227.0,210.0,202.0,207.0,176.0,167.0,177.0,167.0,170.0,149.0,151.0,149.0,153.0,153.0,127.0,116.0,119.0,102.0,86.0,98.0,73.0,94.0,91.0,99.0,93.0,93.0,99.0,87.0,87.0,72.0,97.0,83.0,62.0,58.0,90.0,54.0,70.0,62.0,72.0,60.0,53.0,66.0,62.0,58.0,52.0,37.0,42.0,42.0,30.0,27.0,26.0,18.0,11.0,13.0,9.0,10.0,9.0,1.0,2.0,5.0
b/9/58,Baró de Viver,9,58. Baró de Viver,2353.0,29.0,30.0,39.0,24.0,24.0,21.0,26.0,33.0,30.0,22.0,25.0,24.0,30.0,26.0,22.0,16.0,26.0,27.0,36.0,19.0,23.0,28.0,21.0,26.0,20.0,37.0,23.0,35.0,39.0,45.0,40.0,51.0,52.0,49.0,52.0,29.0,49.0,32.0,48.0,39.0,36.0,39.0,29.0,26.0,37.0,39.0,18.0,33.0,27.0,32.0,33.0,31.0,27.0,38.0,29.0,35.0,23.0,17.0,20.0,18.0,17.0,18.0,25.0,18.0,19.0,26.0,16.0,14.0,15.0,21.0,27.0,11.0,13.0,24.0,9.0,20.0,14.0,20.0,36.0,15.0,15.0,12.0,12.0,16.0,16.0,12.0,10.0,5.0,7.0,3.0,3.0,1.0,3.0,1.0,2.0,3.0
b/9/59,el Bon Pastor,9,59. el Bon Pastor,13846.0,196.0,201.0,160.0,174.0,196.0,159.0,135.0,130.0,140.0,137.0,111.0,112.0,119.0,92.0,96.0,105.0,92.0,99.0,111.0,99.0,130.0,129.0,133.0,181.0,177.0,211.0,235.0,248.0,273.0,253.0,298.0,270.0,325.0,333.0,358.0,362.0,332.0,294.0,273.0,261.0,275.0,257.0,204.0,250.0,225.0,215.0,183.0,175.0,156.0,153.0,146.0,163.0,143.0,138.0,107.0,105.0,123.0,108.0,87.0,111.0,116.0,138.0,172.0,106.0,151.0,121.0,129.0,107.0,77.0,112.0,98.0,79.0,108.0,107.0,110.0,98.0,106.0,88.0,92.0,95.0,81.0,77.0,73.0,66.0,50.0,54.0,43.0,34.0,30.0,18.0,17.0,12.0,4.0,5.0,1.0,7.0
b/9/60,Sant Andreu,9,60. Sant Andreu,55813.0,554.0,532.0,516.0,546.0,507.0,471.0,496.0,472.0,480.0,442.0,447.0,430.0,395.0,407.0,442.0,375.0,423.0,456.0,474.0,430.0,468.0,511.0,561.0,565.0,620.0,686.0,653.0,734.0,754.0,887.0,914.0,887.0,1010.0,1041.0,1018.0,1019.0,1016.0,1067.0,976.0,906.0,894.0,820.0,860.0,801.0,816.0,793.0,800.0,788.0,754.0,779.0,810.0,871.0,824.0,829.0,785.0,755.0,728.0,733.0,788.0,760.0,779.0,830.0,777.0,705.0,694.0,675.0,634.0,552.0,454.0,531.0,479.0,337.0,435.0,505.0,481.0,440.0,455.0,449.0,454.0,404.0,419.0,316.0,316.0,321.0,306.0,269.0,225.0,191.0,170.0,148.0,116.0,83.0,66.0,49.0,49.0,123.0
b/9/61,la Sagrera,9,61. la Sagrera,29117.0,250.0,270.0,244.0,246.0,217.0,212.0,189.0,211.0,192.0,193.0,222.0,199.0,192.0,235.0,211.0,209.0,208.0,256.0,233.0,283.0,246.0,282.0,302.0,316.0,353.0,398.0,402.0,425.0,474.0,509.0,484.0,530.0,535.0,525.0,453.0,501.0,486.0,448.0,420.0,425.0,414.0,413.0,426.0,418.0,389.0,380.0,391.0,401.0,415.0,371.0,413.0,410.0,443.0,414.0,431.0,381.0,435.0,447.0,422.0,428.0,416.0,432.0,424.0,380.0,391.0,355.0,370.0,277.0,260.0,314.0,248.0,213.0,275.0,285.0,297.0,278.0,251.0,255.0,256.0,202.0,195.0,207.0,196.0,172.0,154.0,153.0,111.0,103.0,97.0,82.0,51.0,46.0,41.0,34.0,21.0,47.0
b/9/62,el Congrés i els Indians,9,62. el Congrés i els Indians,13977.0,107.0,120.0,115.0,116.0,134.0,108.0,94.0,98.0,103.0,116.0,105.0,114.0,94.0,91.0,120.0,108.0,99.0,109.0,114.0,119.0,119.0,124.0,119.0,126.0,148.0,145.0,148.0,188.0,177.0,216.0,208.0,202.0,242.0,248.0,222.0,252.0,225.0,212.0,241.0,219.0,225.0,195.0,223.0,219.0,235.0,213.0,184.0,229.0,217.0,220.0,197.0,194.0,154.0,183.0,161.0,144.0,128.0,122.0,144.0,146.0,123.0,161.0,139.0,117.0,148.0,140.0,132.0,137.0,97.0,138.0,107.0,88.0,115.0,122.0,161.0,149.0,173.0,171.0,213.0,187.0,182.0,174.0,165.0,151.0,143.0,130.0,103.0,98.0,66.0,55.0,58.0,27.0,26.0,18.0,15.0,50.0
b/9/63,Navas,9,63. Navas,21699.0,188.0,159.0,170.0,181.0,176.0,161.0,173.0,178.0,189.0,164.0,158.0,166.0,140.0,179.0,164.0,161.0,185.0,157.0,179.0,179.0,191.0,211.0,203.0,213.0,250.0,237.0,306.0,323.0,291.0,311.0,352.0,293.0,382.0,344.0,372.0,368.0,364.0,321.0,336.0,318.0,355.0,330.0,321.0,315.0,346.0,316.0,329.0,319.0,340.0,273.0,302.0,318.0,283.0,319.0,288.0,280.0,247.0,279.0,254.0,266.0,249.0,312.0,307.0,278.0,277.0,297.0,247.0,248.0,218.0,193.0,209.0,150.0,222.0,231.0,248.0,191.0,238.0,223.0,190.0,211.0,176.0,196.0,164.0,150.0,132.0,126.0,97.0,98.0,71.0,63.0,59.0,40.0,24.0,17.0,19.0,55.0
b/9,Sant Andreu,9,,147349.0,1473.0,1474.0,1380.0,1409.0,1372.0,1239.0,1195.0,1217.0,1232.0,1143.0,1160.0,1154.0,1070.0,1110.0,1177.0,1072.0,1158.0,1211.0,1271.0,1243.0,1321.0,1421.0,1473.0,1557.0,1715.0,1876.0,1936.0,2132.0,2209.0,2456.0,2515.0,2486.0,2774.0,2801.0,2706.0,2762.0,2699.0,2584.0,2496.0,2375.0,2375.0,2221.0,2240.0,2196.0,2218.0,2105.0,2056.0,2094.0,2062.0,1981.0,2028.0,2103.0,1993.0,2023.0,1887.0,1798.0,1757.0,1800.0,1806.0,1828.0,1793.0,1984.0,1943.0,1691.0,1767.0,1686.0,1625.0,1418.0,1183.0,1367.0,1258.0,932.0,1238.0,1336.0,1378.0,1236.0,1290.0,1272.0,1303.0,1172.0,1120.0,1019.0,968.0,918.0,831.0,771.0,615.0,547.0,452.0,382.0,313.0,219.0,173.0,125.0,109.0,290.0
b/10/64,el Camp de l'Arpa del Clot,10,64. el Camp de l'Arpa del Clot,38399.0,348.0,316.0,321.0,282.0,280.0,296.0,246.0,269.0,265.0,247.0,247.0,263.0,255.0,251.0,265.0,290.0,247.0,255.0,263.0,305.0,249.0,363.0,351.0,373.0,442.0,507.0,527.0,587.0,625.0,701.0,712.0,742.0,747.0,743.0,745.0,794.0,688.0,641.0,646.0,601.0,586.0,533.0,553.0,580.0,564.0,563.0,587.0,549.0,516.0,528.0,480.0,512.0,508.0,504.0,468.0,470.0,491.0,455.0,468.0,491.0,510.0,523.0,526.0,482.0,500.0,512.0,444.0,380.0,358.0,385.0,329.0,255.0,317.0,344.0,363.0,344.0,356.0,354.0,340.0,325.0,320.0,304.0,277.0,294.0,236.0,222.0,201.0,184.0,165.0,118.0,105.0,76.0,72.0,36.0,42.0,99.0
b/10/65,el Clot,10,65. el Clot,27505.0,229.0,259.0,262.0,254.0,266.0,242.0,248.0,224.0,236.0,237.0,244.0,224.0,259.0,233.0,228.0,229.0,225.0,237.0,242.0,238.0,256.0,259.0,297.0,298.0,337.0,398.0,359.0,381.0,444.0,444.0,482.0,451.0,474.0,456.0,497.0,517.0,468.0,450.0,461.0,451.0,489.0,421.0,449.0,418.0,449.0,444.0,424.0,460.0,412.0,439.0,440.0,442.0,404.0,406.0,378.0,394.0,368.0,373.0,399.0,319.0,330.0,360.0,331.0,284.0,294.0,271.0,260.0,204.0,204.0,236.0,211.0,138.0,184.0,206.0,218.0,227.0,204.0,196.0,200.0,195.0,176.0,160.0,154.0,146.0,128.0,120.0,112.0,94.0,74.0,64.0,44.0,26.0,28.0,31.0,27.0,44.0
b/10/66,el Parc i la Llacuna del Poblenou,10,66. el Parc i la Llacuna del Poblenou,13728.0,112.0,140.0,108.0,102.0,106.0,113.0,106.0,106.0,83.0,81.0,90.0,90.0,91.0,90.0,89.0,81.0,100.0,93.0,114.0,106.0,152.0,146.0,174.0,179.0,186.0,233.0,227.0,287.0,261.0,264.0,266.0,288.0,282.0,276.0,258.0,260.0,211.0,228.0,215.0,201.0,198.0,213.0,161.0,205.0,182.0,196.0,192.0,197.0,221.0,174.0,204.0,205.0,208.0,184.0,187.0,175.0,196.0,199.0,165.0,168.0,183.0,170.0,173.0,134.0,156.0,143.0,159.0,133.0,111.0,106.0,101.0,79.0,112.0,107.0,97.0,114.0,122.0,111.0,120.0,110.0,112.0,86.0,80.0,67.0,68.0,71.0,56.0,46.0,37.0,36.0,24.0,20.0,15.0,14.0,8.0,22.0
b/10/67,la Vila Olímpica del Poblenou,10,67. la Vila Olímpica del Poblenou,9275.0,93.0,98.0,112.0,118.0,98.0,118.0,110.0,133.0,125.0,127.0,138.0,129.0,133.0,139.0,119.0,117.0,121.0,103.0,92.0,84.0,80.0,76.0,67.0,89.0,94.0,102.0,104.0,81.0,132.0,131.0,136.0,132.0,144.0,140.0,141.0,163.0,150.0,161.0,146.0,150.0,149.0,177.0,170.0,175.0,181.0,210.0,220.0,182.0,196.0,202.0,151.0,179.0,161.0,152.0,151.0,138.0,134.0,105.0,119.0,109.0,126.0,107.0,100.0,73.0,85.0,75.0,60.0,59.0,41.0,41.0,49.0,35.0,34.0,30.0,34.0,30.0,34.0,21.0,33.0,27.0,20.0,23.0,23.0,19.0,16.0,15.0,10.0,9.0,10.0,8.0,8.0,11.0,6.0,6.0,3.0,7.0
b/10/68,el Poblenou,10,68. el Poblenou,31961.0,384.0,359.0,411.0,403.0,409.0,398.0,346.0,317.0,311.0,280.0,282.0,255.0,218.0,253.0,215.0,238.0,215.0,208.0,242.0,217.0,217.0,242.0,248.0,274.0,330.0,343.0,379.0,423.0,442.0,502.0,542.0,583.0,667.0,740.0,712.0,721.0,713.0,742.0,755.0,644.0,648.0,605.0,603.0,549.0,547.0,552.0,554.0,452.0,445.0,420.0,425.0,376.0,405.0,371.0,345.0,337.0,315.0,339.0,260.0,275.0,283.0,282.0,284.0,268.0,274.0,278.0,281.0,225.0,199.0,245.0,230.0,160.0,210.0,248.0,230.0,259.0,247.0,234.0,236.0,304.0,222.0,233.0,225.0,214.0,208.0,159.0,129.0,127.0,111.0,97.0,72.0,46.0,33.0,33.0,14.0,58.0
b/10/69,Diagonal Mar i el Front Marítim del Poblenou,10,69. Diagonal Mar i el Front Marítim del Poblenou,11730.0,159.0,204.0,194.0,200.0,190.0,171.0,162.0,143.0,116.0,138.0,112.0,93.0,79.0,69.0,76.0,58.0,65.0,74.0,56.0,60.0,56.0,59.0,73.0,75.0,86.0,116.0,127.0,166.0,170.0,212.0,210.0,226.0,232.0,263.0,300.0,297.0,302.0,343.0,296.0,309.0,271.0,255.0,262.0,231.0,202.0,193.0,156.0,166.0,167.0,160.0,128.0,125.0,126.0,111.0,120.0,98.0,103.0,109.0,109.0,112.0,75.0,117.0,105.0,124.0,110.0,124.0,95.0,118.0,87.0,92.0,77.0,74.0,72.0,82.0,73.0,62.0,82.0,60.0,66.0,72.0,46.0,56.0,38.0,45.0,42.0,33.0,33.0,20.0,30.0,14.0,14.0,11.0,6.0,10.0,8.0,16.0
b/10/70,el Besòs i el Maresme,10,70. el Besòs i el Maresme,24403.0,198.0,255.0,227.0,232.0,216.0,207.0,180.0,184.0,188.0,178.0,184.0,208.0,175.0,214.0,213.0,188.0,213.0,220.0,226.0,233.0,277.0,282.0,338.0,314.0,358.0,401.0,444.0,452.0,505.0,460.0,464.0,493.0,472.0,459.0,481.0,490.0,411.0,403.0,381.0,396.0,381.0,426.0,344.0,386.0,381.0,354.0,376.0,345.0,367.0,351.0,336.0,357.0,316.0,295.0,304.0,299.0,246.0,256.0,255.0,217.0,197.0,206.0,189.0,175.0,160.0,189.0,171.0,159.0,143.0,137.0,163.0,134.0,219.0,227.0,254.0,270.0,268.0,251.0,248.0,262.0,186.0,193.0,170.0,143.0,142.0,120.0,95.0,89.0,56.0,54.0,36.0,21.0,19.0,6.0,13.0,26.0
b/10/71,Provençals del Poblenou,10,71. Provençals del Poblenou,19636.0,198.0,188.0,205.0,187.0,205.0,182.0,151.0,160.0,143.0,149.0,174.0,136.0,149.0,170.0,177.0,167.0,183.0,176.0,205.0,186.0,199.0,225.0,220.0,218.0,214.0,229.0,252.0,282.0,317.0,290.0,315.0,361.0,383.0,409.0,393.0,372.0,364.0,343.0,321.0,281.0,308.0,345.0,334.0,321.0,315.0,320.0,342.0,316.0,356.0,300.0,310.0,310.0,277.0,250.0,240.0,242.0,218.0,267.0,211.0,218.0,206.0,220.0,209.0,181.0,186.0,178.0,177.0,143.0,134.0,142.0,139.0,121.0,172.0,151.0,134.0,181.0,185.0,165.0,160.0,162.0,138.0,126.0,109.0,102.0,113.0,74.0,78.0,59.0,50.0,39.0,25.0,18.0,19.0,21.0,12.0,28.0
b/10/72,Sant Martí de Provençals,10,72. Sant Martí de Provençals,26281.0,195.0,226.0,243.0,219.0,225.0,225.0,198.0,222.0,196.0,180.0,212.0,178.0,199.0,174.0,181.0,183.0,195.0,173.0,166.0,205.0,202.0,214.0,240.0,233.0,260.0,285.0,312.0,317.0,379.0,343.0,405.0,439.0,429.0,415.0,446.0,403.0,444.0,458.0,442.0,428.0,421.0,380.0,442.0,405.0,404.0,366.0,337.0,347.0,364.0,337.0,355.0,360.0,322.0,315.0,328.0,332.0,276.0,271.0,291.0,284.0,307.0,302.0,349.0,315.0,349.0,354.0,369.0,375.0,275.0,323.0,294.0,239.0,300.0,308.0,322.0,305.0,271.0,329.0,328.0,295.0,249.0,253.0,221.0,210.0,174.0,161.0,139.0,115.0,99.0,90.0,70.0,41.0,33.0,22.0,19.0,50.0
b/10/73,la Verneda i la Pau,10,73. la Verneda i la Pau,29385.0,226.0,247.0,245.0,247.0,245.0,234.0,231.0,226.0,226.0,247.0,208.0,210.0,206.0,226.0,220.0,214.0,263.0,247.0,250.0,247.0,270.0,296.0,281.0,309.0,300.0,361.0,332.0,366.0,401.0,364.0,428.0,418.0,511.0,477.0,523.0,473.0,435.0,469.0,438.0,422.0,452.0,432.0,469.0,407.0,407.0,397.0,414.0,405.0,413.0,379.0,396.0,400.0,376.0,364.0,346.0,344.0,333.0,331.0,346.0,351.0,387.0,379.0,447.0,356.0,418.0,404.0,449.0,375.0,310.0,332.0,379.0,268.0,377.0,337.0,366.0,327.0,328.0,332.0,292.0,286.0,269.0,252.0,208.0,179.0,166.0,166.0,149.0,131.0,91.0,74.0,58.0,50.0,36.0,27.0,28.0,51.0
b/10,Sant Martí,10,,232303.0,2142.0,2292.0,2328.0,2244.0,2240.0,2186.0,1978.0,1984.0,1889.0,1864.0,1891.0,1786.0,1764.0,1819.0,1783.0,1765.0,1827.0,1786.0,1856.0,1881.0,1958.0,2162.0,2289.0,2362.0,2607.0,2975.0,3063.0,3342.0,3676.0,3711.0,3960.0,4133.0,4341.0,4378.0,4496.0,4490.0,4186.0,4238.0,4101.0,3883.0,3903.0,3787.0,3787.0,3677.0,3632.0,3595.0,3602.0,3419.0,3457.0,3290.0,3225.0,3266.0,3103.0,2952.0,2867.0,2829.0,2680.0,2705.0,2623.0,2544.0,2604.0,2666.0,2713.0,2392.0,2532.0,2528.0,2465.0,2171.0,1862.0,2039.0,1972.0,1503.0,1997.0,2040.0,2091.0,2119.0,2097.0,2053.0,2023.0,2038.0,1738.0,1686.0,1505.0,1419.0,1293.0,1141.0,1002.0,874.0,723.0,594.0,456.0,320.0,267.0,206.0,174.0,401.0
b/a,No consta,nan,No consta,251.0,2.0,0.0,3.0,2.0,0.0,1.0,3.0,2.0,0.0,2.0,1.0,2.0,2.0,1.0,1.0,1.0,2.0,1.0,2.0,0.0,1.0,2.0,1.0,2.0,2.0,1.0,2.0,2.0,3.0,6.0,10.0,7.0,4.0,4.0,2.0,2.0,5.0,2.0,1.0,3.0,2.0,3.0,3.0,4.0,1.0,3.0,3.0,5.0,0.0,1.0,5.0,0.0,3.0,1.0,2.0,3.0,6.0,1.0,1.0,2.0,3.0,1.0,0.0,1.0,1.0,1.0,1.0,2.0,3.0,1.0,3.0,1.0,4.0,1.0,2.0,5.0,3.0,4.0,8.0,5.0,2.0,6.0,8.0,5.0,8.0,6.0,1.0,7.0,3.0,1.0,3.0,0.0,4.0,1.0,1.0,6.0
